Date,Momentum,BXM Volatility,Mkt-RF,SMB,HML,RF,HY Credit Spread,IG Credit Spread,VIX
1996-04-30,0.13,0.02866115766946642,0.0003,0.0012,0.0013,0.00022000000000000003,-0.06472847270049376,-0.13060372408544474,15.75
1996-05-31,0.04,0.019302901537660233,-0.0018,0.008199999999999999,-0.0038,0.00018999999999999998,-0.040315537178459815,-0.09466522654107834,15.74
1996-06-30,0.6,0.014792633059109939,0.0072,0.011399999999999999,-0.0025,0.0002,0.04335044087361384,0.018445845790751036,13.92
1996-07-31,0.19,-0.023225313643601808,0.0073,0.0012,-0.0040999999999999995,0.0002,0.023953241022492744,-0.0472248103407944,19.879998999999998
1996-08-31,0.03,0.013134676002380274,-0.0063,0.0062,0.0021,0.00018999999999999998,-0.06414412160573812,0.0009119927672696093,16.09
1996-09-30,0.02,0.037477237549805587,0.002,0.0,0.0021,0.00022000000000000003,-0.0418740724710589,0.02698005376454571,16.33
1996-10-31,0.36,0.012364771336041969,0.0063,0.0009,-0.0043,0.00018,0.1265167156251381,0.05523405531552328,18.139999
1996-11-30,0.0,0.028657031394450527,0.0027,0.0023,-0.0011,0.0002,0.014388737452099676,0.0712852322235431,16.76
1996-12-31,-0.22,-0.007879971480294401,-0.0102,0.020499999999999997,-0.0024,0.00022000000000000003,-0.14090545307723779,-0.08736683144188451,19.860001
1997-01-31,0.22,0.04260578708920004,0.0031,0.0001,-0.0034999999999999996,0.0002,-0.040273899137939884,-0.005132603226520871,19.469998999999998
1997-02-28,-0.63,0.009132215394827448,-0.0049,0.0004,0.0015,0.0002,-0.07463498138858082,-0.01555779003092539,21.549999
1997-03-31,-0.76,-0.017277391859228608,-0.0226,0.0066,0.0106,0.00021,0.11490888052652071,-0.08258659100927446,21.540001
1997-04-30,-0.3,0.03123927490020595,0.009300000000000001,-0.0043,-0.0044,0.0002,0.01954459607297032,0.09470795154161937,20.0
1997-05-31,0.07,0.015246944962535203,0.0055000000000000005,-0.003,0.0051,0.00023,-0.10178269430994247,0.016218878785505098,19.48
1997-06-30,-0.24,0.012946351266792888,-0.001,0.0161,-0.0068000000000000005,0.00018,-0.028987536873252173,-0.0008470987376512085,21.469998999999998
1997-07-31,0.36,0.03902237146163845,0.0018,0.0008,0.0026,0.00018999999999999998,-0.026072240309775174,0.024279133155081567,21.34
1997-08-31,0.15,-0.0007009787027749681,-0.0021,0.0058,-0.0017000000000000001,0.0002,-0.034552381506659624,-0.04916244189290975,24.52
1997-09-30,-0.33,0.042841637684775336,-0.0043,0.0088,0.0032,0.00021,-0.003913899321136394,0.06394103598902845,22.32
1997-10-31,0.41,-0.003961221506134649,0.011699999999999999,0.0012,-0.0052,0.00018,0.1591800282322603,0.0798546140023344,35.080002
1997-11-30,-0.04,0.04964463922555762,0.0036,-0.0009,-0.0007000000000000001,0.00021,-0.027120306219193813,-0.07254642069560902,28.040001
1997-12-31,-0.22,0.015456333958354662,0.0021,0.0086,-0.0023,0.00022000000000000003,0.07606971873676072,0.017642799242749696,24.209999
1998-01-31,-0.07,0.024680162763912605,-0.004,0.003,0.0016,0.00021,-0.02908120930084168,0.14548274234520697,21.67
1998-02-28,-0.13,0.023460455630520016,0.0005,0.0006,0.0022,0.00021,-0.016529301951210496,-0.02575847251352048,18.66
1998-03-31,0.65,0.011103290683457168,0.0077,0.0007000000000000001,-0.0022,0.00018,-0.027028672387919395,-0.015636423769755048,24.23
1998-04-30,0.63,0.024909381329146107,0.0147,-0.0026,-0.0044,0.0002,0.0630391099109524,-0.012252405529015853,21.16
1998-05-31,0.46,0.008721050179453016,-0.0042,0.0064,0.004699999999999999,0.0002,0.08029001817312764,-0.0007254262196978445,19.93
1998-06-30,-0.07,0.036559072455858654,-0.002,0.0087,-0.0013,0.00018999999999999998,0.07431990391248888,0.02578939488291443,19.85
1998-07-31,-0.22,-0.03075030323766903,-0.0187,-0.0027,0.0040999999999999995,0.00018,-0.01666705248521172,0.02237855626219165,22.290001
1998-08-31,-0.87,-0.12585929782810723,-0.06709999999999999,-0.0019,0.024300000000000002,0.0002,0.4285395051683767,0.26988987102731343,39.740002000000004
1998-09-30,0.42,0.07311377926446827,-0.0258,0.0235,0.0017000000000000001,0.00022000000000000003,0.09564190977916986,0.1766738185203085,37.16
1998-10-31,-0.85,0.06493745490172476,0.012199999999999999,-0.008,0.0070999999999999995,0.00015,0.07351551997690442,0.04117591418418609,28.280001000000002
1998-11-30,0.37,0.018109797507990244,-0.0231,0.0121,0.0072,0.00015,-0.1439308668103989,-0.13577837987546193,22.790001
1998-12-31,-1.97,0.04454372176145327,0.0043,0.018500000000000003,0.0006,0.00017,0.04522509800493579,0.05027137162409723,23.74
1999-01-31,0.42,0.03582598494303735,0.0095,0.0019,-0.006,0.00018999999999999998,-0.050577474743527695,-0.02008943993085399,27.77
1999-02-28,-0.32,0.021126928175516646,-0.0049,0.0003,0.0045000000000000005,0.00018999999999999998,-0.06084826041738922,-0.1341383319829399,28.41
1999-03-31,0.25,0.012316466171969687,-0.0086,-0.0001,0.0022,0.00018,-0.003809528416667707,0.04999725791712084,22.030001000000002
1999-04-30,-0.09,0.04068851754006886,-0.004699999999999999,0.0069,-0.004,0.00018,-0.0835475702704418,-0.02389724109714475,24.41
1999-05-31,0.53,0.002943033446504373,0.015300000000000001,-0.0007000000000000001,-0.0066,0.00017,0.04661431522475934,-0.01696753325670297,27.26
1999-06-30,1.2,0.05478170868478216,0.016,0.0101,-0.0148,0.00018,0.025416812984123238,0.010638398205055744,22.99
1999-07-31,0.5,-0.03402609324814687,-0.0072,0.0154,-0.0019,0.00018,-0.02938507215974373,-0.001588562685138406,23.809998999999998
1999-08-31,0.85,0.005117837075371057,-0.0017000000000000001,0.0026,-0.0012,0.00018,0.044711042637970655,0.012114975672125716,24.41
1999-09-30,0.33,0.0020788735376680023,0.0092,0.0036,-0.0086,0.00018,0.0715245184087312,0.02737067323578568,26.15
1999-10-31,1.05,0.010909584265426098,0.0173,-0.0101,-0.0038,0.00018,0.01580366517312526,-0.06688462309602539,20.629998999999998
1999-11-30,-0.43,-0.004504749914873152,-0.0128,-0.0023,0.013300000000000001,0.00017,-0.04818059389758522,-0.07168088806484452,23.809998999999998
1999-12-31,0.37,0.04475000284046349,0.0052,0.0132,0.0033,0.0002,-0.07003807670360973,-0.04855613655310531,25.030001000000002
2000-01-31,-0.32,-0.013754440745155527,0.015,-0.0286,-0.0040999999999999995,0.00021,0.030890487019338497,-0.09193749532568596,26.780001000000002
2000-02-29,1.86,-0.004798967150592581,0.0196,0.0197,-0.0070999999999999995,0.00022000000000000003,0.042797228771820794,0.11200505837649466,23.76
2000-03-31,1.46,0.04765561709296051,0.011899999999999999,0.0027,0.0002,0.0002,0.16733427519455923,0.1887228589085863,24.780001000000002
2000-04-30,1.2,-0.0006062741364001312,0.0007000000000000001,0.0233,-0.0008,0.00024,0.0030769255044793553,-0.014056456339223367,25.620001000000002
2000-05-31,0.11,0.00887705316986942,-0.0022,0.0005,0.0053,0.00023,0.030259494763112516,0.0730963382788774,24.09
2000-06-30,0.38,0.018813368197278635,0.0074,0.0184,-0.0151,0.00018,-0.016529301951210718,0.005155858620870646,19.68
2000-07-31,0.52,-0.0009570447191817877,0.0103,0.0077,-0.0040999999999999995,0.00024,0.006042314455962705,-0.057736090769568094,20.98
2000-08-31,1.2,0.05395718638238556,0.011899999999999999,0.0016,-0.0066,0.00022000000000000003,0.042747849713469455,0.12813050418180794,17.440001000000002
2000-09-30,-0.87,-0.01764881795315887,-0.0126,0.006999999999999999,0.0128,0.00025,0.01858523830333869,0.0056485051333448055,19.879998999999998
2000-10-31,0.83,-0.0071197761741137455,0.0275,0.0059,-0.0166,0.00025,0.11241770796782546,0.021856451779684427,24.77
2000-11-30,1.36,-0.029412034544091803,-0.0203,-0.0067,0.015,0.00024,0.1425099517988908,0.05082688635687749,28.639999
2000-12-31,-0.01,0.01633852540766778,-0.0123,-0.0021,0.014499999999999999,0.00025,0.024933540968884227,0.09450405319880062,26.35
2001-01-31,0.55,0.03443427408287203,-0.0072,0.0040999999999999995,0.0028000000000000004,0.00026000000000000003,-0.2328262520306268,-0.0769317160529166,22.940001000000002
2001-02-28,1.09,-0.058045908351360254,-0.0148,0.0044,0.008100000000000001,0.0002,-0.0040622940088790305,0.09004188197712448,26.370001000000002
2001-03-31,0.12,-0.05786895595858166,0.011899999999999999,0.0166,-0.006,0.00018999999999999998,0.03335866349730954,-0.0003618599641441733,28.76
2001-04-30,-1.11,0.029113111266754643,0.0003,0.0073,-0.0051,0.0002,0.0,-0.07943968045873628,24.209999
2001-05-31,-0.55,0.0135920114358008,0.0073,-0.0029,-0.0016,0.00015,-0.1167992677462506,-0.03306415511950078,22.959999
2001-06-30,-1.02,-0.015281284953231555,0.0034999999999999996,0.0245,-0.0089,0.00013000000000000002,0.0738972462020413,-0.04176749334128349,19.9
2001-07-31,0.14,0.015950350489495335,0.005,-0.0051,0.0012,0.00014,0.0068259650703996755,0.040551687720393303,22.309998999999998
2001-08-31,-0.83,-0.03892059506108492,0.0042,-0.0039000000000000003,0.0029,0.00013000000000000002,0.0,0.032711332967764406,25.309998999999998
2001-09-30,-0.5,-0.11104906038997786,0.0225,0.004,0.0051,0.00018,0.22232689140765372,0.2031650843833237,33.080002
2001-10-31,-0.99,0.012842900234805832,0.0018,0.013600000000000001,-0.0022,0.0001,-0.016474837203504844,-0.004494389587839542,33.119999
2001-11-30,0.22,0.03433679545335977,-0.0014000000000000002,-0.002,0.0029,8e-05,-0.11116049489588997,-0.09087985376755014,25.049999
2001-12-31,-0.24,0.025225147486636956,-0.0104,0.0021,0.0078000000000000005,7e-05,-0.08656143322500842,-0.09958286061010391,22.5
2002-01-31,0.34,0.00893309672522058,0.013500000000000002,-0.0059,0.0023,7e-05,-0.046969959399514316,-0.06098961640640077,22.450001
2002-02-28,0.18,-0.0008390142075827001,-0.0031,-0.0027,0.0053,7e-05,0.05235355248298701,0.022904886817933345,21.120001000000002
2002-03-31,-0.42,0.02365737031055737,0.0029,-0.0016,0.0031,7e-05,-0.1534797640020249,-0.08125654557292972,17.23
2002-04-30,0.06,-0.041209881767365175,0.012,0.0054,0.0012,7e-05,-0.026964361638355472,0.045149459627060295,24.030001000000002
2002-05-31,0.6,0.007570354125791212,0.0019,-0.0016,0.0022,7e-05,0.04556954946938996,-0.04195281994223343,20.26
2002-06-30,-0.18,-0.05552443502955562,0.0012,0.0008,0.0182,6e-05,0.16005814695795095,0.07421102035070426,25.74
2002-07-31,0.49,-0.08704532420171773,0.006500000000000001,-0.0254,0.0003,7e-05,0.17267658943477304,0.062049125181323994,32.779999
2002-08-31,1.45,0.01479980916371737,-0.0028000000000000004,-0.0040999999999999995,0.0089,6e-05,0.009863093655171351,0.04399717110633805,33.639998999999996
2002-09-30,0.17,-0.0762917486351462,-0.0128,0.0146,-0.0042,7e-05,0.08764730705875579,0.11918154373724565,41.07
2002-10-31,-0.89,0.07154410850381865,-0.0040999999999999995,0.0026,0.0037,6e-05,0.011916724933462852,0.000550758927307271,31.57
2002-11-30,-0.46,0.053282603142080553,-0.0032,-0.0066,0.0052,6e-05,-0.19204289116398154,-0.13233372954255618,27.1
2002-12-31,-0.78,0.0016619391200283218,0.0012,0.0003,0.0060999999999999995,5e-05,-0.012033839563723614,0.06067681524529345,29.08
2003-01-31,0.8,-0.005185969350456787,0.0128,-0.003,0.0026,5e-05,-0.09518912175684324,-0.04865969251421376,31.15
2003-02-28,-0.47,-0.008052131655114536,0.0040999999999999995,-0.0069,0.0021,5e-05,0.015852379520322035,0.03333761796131274,29.84
2003-03-31,0.82,0.00032874699347562597,-0.0165,0.0075,0.0044,5e-05,-0.1093001136619065,-0.056807234424180564,29.950001
2003-04-30,-0.35,0.06931249042142351,0.0003,0.0076,0.0028000000000000004,5e-05,-0.1911321864761093,-0.08174884941641913,21.040001
2003-05-31,-0.44,0.016886491699641404,0.015300000000000001,0.0024,0.0007000000000000001,4e-05,0.0684027268844003,0.0498698557413757,19.83
2003-06-30,-0.03,-0.004355291444527509,-0.0017000000000000001,-0.0012,0.0042,5e-05,-0.1285849686891969,-0.02083246128109284,19.309998999999998
2003-07-31,-0.29,0.024357538767779907,0.0032,0.0026,0.004,3e-05,-0.11754810084971146,-0.09167034223442716,18.82
2003-08-31,0.12,0.02825056314806762,0.0053,-0.0031,0.0034000000000000002,3e-05,-0.04762804898925466,-0.09897209354331427,18.530001000000002
2003-09-30,-0.78,-0.01885383561653864,-0.0096,-0.0005,0.0015,4e-05,-0.004444451760424073,0.03561095923267921,22.040001
2003-10-31,-0.58,0.04525872555196919,0.0028000000000000004,-0.0054,-0.0009,3e-05,-0.16685163502182299,-0.07407256352038516,16.110001
2003-11-30,0.59,0.012026947558821277,0.0011,0.0027,-0.0015,4e-05,-0.0652405218684009,-0.039897093137988726,16.51
2003-12-31,-0.16,0.01704618799494728,0.0001,-0.0139,0.0003,4e-05,-0.12235809202639736,0.0031419840934860943,17.49
2004-01-31,0.59,0.004387686435476823,-0.0015,0.003,0.0038,3e-05,-0.052129065434946664,-0.02415148877485418,16.549999
2004-02-29,0.31,0.013237266582698304,0.0011,0.0019,0.0036,3e-05,0.09257003499345728,0.051743643415653295,13.8
2004-03-31,-0.07,-0.0014464501610014224,0.0,0.0013,0.0017000000000000001,4e-05,0.030032287098874955,0.0374605053255781,16.33
2004-04-30,-0.57,-0.002489013399234352,-0.0066,-0.0083,-0.0002,4e-05,-0.11926342082681751,-0.10695735233213188,16.27
2004-05-31,0.11,0.007558116133012938,0.0002,-0.0002,0.001,3e-05,0.14842000511827314,-0.033537317944535516,15.44
2004-06-30,0.47,0.02026876546656009,0.0048,0.0011,0.003,4e-05,-0.01739174271186905,-0.03602263812984763,15.27
2004-07-31,0.54,-0.016721581911424366,0.0014000000000000002,0.0021,-0.0032,5e-05,-0.011764841579586571,0.003386234475126315,15.85
2004-08-31,0.71,0.009856425496107768,0.0048,0.0004,0.0014000000000000002,5e-05,0.014684551682921265,0.05463098287133761,15.64
2004-09-30,0.99,0.008091604927908058,0.0006,0.001,0.0052,5e-05,-0.05698693137361044,-0.04023897132517984,13.49
2004-10-31,0.24,0.00909000112644609,0.0018,-0.0053,0.0025,5e-05,-0.05389576820513242,0.003326664284132974,15.83
2004-11-30,0.61,0.002592855183831233,-0.0037,0.0017000000000000001,0.0011,7e-05,-0.16616611657166935,-0.0855744445159834,13.27
2004-12-31,0.04,0.025270105592687386,-0.0014000000000000002,-0.0001,0.002,7e-05,-0.02334736399699111,-0.0496551444852491,12.42
2005-01-31,0.7,-0.004988353607166651,0.0097,0.0078000000000000005,0.0016,8e-05,0.11865754380131599,-0.08735121609666319,13.63
2005-02-28,0.19,0.011889448527695912,-0.0060999999999999995,0.0027,0.0004,9e-05,-0.17119487732919758,-0.10255152504677056,11.89
2005-03-31,0.87,-0.0029664896780090544,0.0,-0.0005,0.0064,0.0001,0.2959465823016745,-0.060132885172877515,13.71
2005-04-30,0.07,-0.00913072947166782,0.0104,-0.004,-0.0004,0.0001,0.18796404419303636,0.06712103380680556,15.75
2005-05-31,0.53,0.020042694516153148,-0.0049,0.004699999999999999,0.0028000000000000004,0.00011000000000000002,0.0,0.0720831088040006,12.69
2005-06-30,0.28,-0.006685180349284892,-0.0063,0.002,0.0027,0.0001,-0.025908184858664862,-0.01596550603039404,11.72
2005-07-31,0.23,0.029538469152847746,-0.0066,0.0023,0.0011,0.00012,-0.16514705190404455,-0.1186978651045063,10.24
2005-08-31,0.92,0.01073446647393439,0.011000000000000001,0.0072,-0.0006,0.00013000000000000002,0.12498101017870988,0.04217856983711954,13.37
2005-09-30,0.16,0.014094085227021935,0.002,0.0032,-0.0017000000000000001,0.00014,-0.013755375068485343,0.02318333545565654,12.42
2005-10-31,0.32,-0.021294251864983238,0.0096,0.008,0.0004,0.00013000000000000002,0.019204979836050073,0.010286419094771126,14.04
2005-11-30,0.23,0.0021372217186526044,-0.0043,0.011399999999999999,-0.0015,0.00015,0.03733767043764402,0.012597874738816905,11.84
2005-12-31,-0.04,-0.0017547339854706578,-0.005,-0.0022,0.0026,0.00015,0.010416760858255714,0.017122553729826073,11.96
2006-01-31,0.23,0.020301280443279168,-0.0021,0.0060999999999999995,-0.0003,0.00017,-0.08090663861280034,0.011718452261781032,12.45
2006-02-28,-0.37,0.010149287266981055,-0.011000000000000001,-0.0021,0.0006,0.00018,-0.002812941376614697,-0.09670329510827269,11.74
2006-03-31,0.09,0.01041448293365832,-0.0023,0.0069,-0.0005,0.00016,-0.07910418109127204,0.042505806137689284,11.42
2006-04-30,-0.25,0.013866888868434124,0.0005,0.0014000000000000002,0.0052,0.00018999999999999998,-0.05967233148639828,0.005169166314713536,12.13
2006-05-31,0.81,-0.02019559228912904,0.009399999999999999,0.0036,0.0037,0.0002,0.028710105882431503,-0.006252673889178162,18.09
2006-06-30,0.58,0.01313089767029485,-0.0002,0.0113,0.0013,0.00018,0.07859027459322143,-0.006058270956664558,12.9
2006-07-31,0.68,0.016075147565680403,-0.0009,0.0026,-0.001,0.0002,0.025826399559898405,0.013157066199349643,15.01
2006-08-31,0.13,0.011980937056863539,0.0003,0.0,0.0023,0.00018,0.019635974516858834,0.03297334410081376,12.23
2006-09-30,0.07,0.014806203283071362,-0.0033,-0.0063,0.0025,0.0002,-0.016807118316381153,-0.07875404770138861,11.75
2006-10-31,0.02,0.011909036410202134,-0.0007000000000000001,-0.0034000000000000002,-0.0011,0.00018,-0.03448617607116922,-0.033141354875733775,11.1
2006-11-30,-0.3,0.014317872538494036,0.0011,0.0013,0.0021,0.0002,-0.01472780671024343,-0.008354965470080522,10.88
2006-12-31,-0.1,0.008383372810685685,-0.0051,-0.0027,-0.0003,0.0002,-0.11630045569616065,0.02149727968581061,10.95
2007-01-31,-0.13,0.018854818719807653,0.0064,-0.0042,0.0002,0.00022000000000000003,-0.06899287148695166,-0.029838033208429593,11.09
2007-02-28,0.5,-0.012700033084466433,0.004699999999999999,-0.0051,0.0036,0.0002,0.0281708769666964,0.01035232070833736,17.209999
2007-03-31,0.11,0.0023819578043760004,-0.0007000000000000001,0.0027,-0.0005,0.00018999999999999998,0.02401487620387388,0.11935408407311421,15.14
2007-04-30,0.02,0.007099715583916755,-0.009300000000000001,-0.0092,0.0003,0.00022000000000000003,-0.03448617607116922,-0.03624380056042753,12.9
2007-05-31,-0.22,0.022326022068048346,0.0013,0.0034999999999999996,-0.003,0.00018,-0.09566111856911286,-0.043867027636919964,12.78
2007-06-30,0.41,-0.0010232396657787746,-0.0019,-0.0034999999999999996,0.0011,0.00018999999999999998,0.17327172127403678,0.002813845969640738,15.25
2007-07-31,0.19,-0.021376606749572424,-0.011899999999999999,0.0032,-0.0003,0.00018999999999999998,0.3429447511268304,0.19988215553431576,20.08
2007-08-31,0.21,0.011074039274562075,0.011200000000000002,0.0005,-0.0007000000000000001,0.00018,0.04725288485054557,0.11159923153357898,23.530001000000002
2007-09-30,-0.11,0.013669290628175013,-0.0037,-0.0054,0.0003,0.00017,-0.11641035184441129,-0.02820447516583613,17.23
2007-10-31,0.67,0.02394663536299735,0.0123,0.0004,-0.0012,0.00014,0.04820210181787754,-0.033390749235656436,20.530001000000002
2007-11-30,-1.43,-0.018750512374533734,0.006999999999999999,-0.0062,0.0086,0.00016,0.265075517822867,0.2493601548605282,22.67
2007-12-31,-0.79,0.01830506240409413,-0.006500000000000001,0.0002,0.0040999999999999995,0.00014,0.014337163146407317,0.016768133101519034,21.870001000000002
2008-01-31,-1.69,-0.06103654652945956,0.0166,0.0083,0.0046,0.0001,0.13774846690208142,0.19136146284118993,28.780001000000002
2008-02-29,1.03,0.009414898830798712,-0.0264,0.0012,-0.0017000000000000001,7e-05,0.09178034910080024,0.04408864654955558,23.540001
2008-03-31,-0.88,0.01645704408410431,0.005699999999999999,0.0003,0.0059,9e-05,0.05235355248298701,0.06224492041263385,25.709999
2008-04-30,0.82,0.023797360964443293,-0.003,-0.0012,0.0009,8e-05,-0.16925296167911918,-0.10823493414225638,20.24
2008-05-31,0.45,0.012398508855042678,0.0029,0.0026,0.0,8e-05,-0.0472016014842942,-0.07046381634517562,18.139999
2008-06-30,1.91,-0.06176874731159909,-0.0007000000000000001,-0.012199999999999999,0.0031,8e-05,0.14265630040152333,0.021257245757068333,24.25
2008-07-31,-0.94,0.0004110689719496463,-0.0116,0.0062,0.0036,7e-05,0.07781702235680754,0.0733758663049473,22.33
2008-08-31,-0.47,0.018631013921585726,-0.0125,0.0023,0.0064,6e-05,0.03546005137886965,0.009475822992846439,19.43
2008-09-30,-2.67,-0.05950749650702214,0.048799999999999996,-0.0368,0.0288,7e-05,0.26385199100026213,0.19707443588200757,43.77
2008-10-31,-0.41,-0.16265859734039712,0.018799999999999997,0.0226,0.0197,4e-05,0.37766227893521265,0.2593133003688495,62.93
2008-11-30,-2.42,-0.11278660840671506,0.0106,-0.0066,0.0191,1e-05,0.250483769369636,0.0642044842993128,56.02
2008-12-31,-1.84,0.039009721263854935,0.017,0.015300000000000001,0.0075,0.0,-0.09361938367078171,-0.07134676239711712,41.630001
2009-01-31,1.82,-0.03924898024575363,-0.0216,0.0022,-0.012199999999999999,0.0,-0.13602329523470136,-0.08098704199316664,42.630001
2009-02-28,2.31,-0.06547445958671982,-0.020099999999999996,0.018000000000000002,-0.0213,1e-05,0.0644137628565784,-0.052498919198737504,44.66
2009-03-31,-1.6,0.07851568633918227,0.0129,-0.005600000000000001,0.0155,1e-05,-0.03620592346218565,0.10605640699271746,45.540001000000004
2009-04-30,-2.58,0.03704464577841016,-0.0004,-0.0043,-0.0064,1e-05,-0.25251640706738376,-0.08821214974531344,36.09
2009-05-31,-0.62,0.04381400248699663,0.0138,0.0055000000000000005,-0.002,0.0,-0.15846193050747504,-0.17372978557066432,31.67
2009-06-30,0.03,0.019583846872585298,-0.0074,0.0025,-0.0018,0.0,-0.158224005214894,-0.1718298363026447,25.360001
2009-07-31,-1.23,0.04644926999664367,0.0005,-0.0016,0.0127,1e-05,-0.08462461717864844,-0.11805466407038523,25.4
2009-08-31,0.83,0.013512741596199085,-0.0086,-0.004699999999999999,-0.0063,1e-05,-0.015037877364540098,-0.048255466070148856,24.76
2009-09-30,0.63,0.01866419038395417,-0.004,-0.0055000000000000005,-0.0063,0.0,-0.12348105677102139,-0.022144887146702708,25.190001000000002
2009-10-31,-0.23,-0.005686173344937373,-0.027999999999999997,-0.0008,-0.0187,0.0,-0.0527981855669708,0.024296065402631406,24.76
2009-11-30,-0.18,0.05780283563551247,0.0028000000000000004,-0.0039000000000000003,0.0075,0.0,-0.010598130991823274,0.06418984111654691,24.950001
2009-12-31,0.05,0.025459044729774227,-0.009899999999999999,-0.002,0.0032,0.0,-0.23001643060197186,-0.15206612618045323,19.959999
2010-01-31,-1.23,-0.04185960400918187,-0.0097,-0.0004,-0.0044,0.0,0.0301909722791458,0.05930821353982463,23.73
2010-02-28,0.41,0.037412129118614246,0.0013,-0.0055000000000000005,0.0039000000000000003,0.0,0.029306126585499248,-0.0034402352551925475,19.879998999999998
2010-03-31,-0.14,0.01523509402764045,-0.0036,-0.0049,0.0016,0.0,-0.17728013452102842,-0.045389918422879205,17.66
2010-04-30,-1.11,-0.0022750491321525956,-0.0172,-0.0096,-0.0092,1e-05,-0.039565600206191265,-0.04936336601146607,18.75
2010-05-31,-0.33,-0.06344085316199521,-0.0118,0.0005,-0.0064,1e-05,0.2966107031960823,0.15409136432810033,30.23
2010-06-30,-0.37,-0.04253383582276271,-0.0098,0.0004,-0.0036,1e-05,0.03761686357130678,0.004926009029063039,33.950001
2010-07-31,0.17,0.0642480238590526,0.0006,0.0004,-0.0021,1e-05,-0.13743719885351768,-0.0018166919058097974,25.469998999999998
2010-08-31,0.48,-0.0021611408424897505,0.0001,-0.0026,0.0076,1e-05,0.09815227818151406,0.024921907380111463,27.58
2010-09-30,-0.54,0.036744732919872014,-0.0026,0.0004,0.0029,1e-05,-0.12427316625715012,0.0458669967764207,22.85
2010-10-31,0.14,0.01238341753053529,0.0007000000000000001,0.0032,-0.001,1e-05,-0.1225201359406527,0.06807792808347202,21.200001
2010-11-30,0.08,0.009978499186876988,-0.0059,-0.0021,-0.0003,1e-05,0.08594242980072475,-0.054534814695594847,23.27
2010-12-31,-0.15,0.033205820829569355,-0.001,-0.0064,0.0023,1e-05,-0.18940541168235958,-0.1523654923327573,17.91
2011-01-31,0.63,0.010596255585552328,0.0070999999999999995,0.0,-0.0027,0.0,-0.14510796045352037,0.04324772321458781,19.610001
2011-02-28,-0.23,0.011426339111544337,0.0042,-0.0044,0.0027,1e-05,-0.06801487629897474,-0.0690708107722875,19.120001000000002
2011-03-31,0.22,-0.007299258302730927,-0.0011,0.0058,-0.0032,0.0,0.04023531219189902,0.008198954358801025,17.9
2011-04-30,0.66,0.02120475642891062,0.0029,0.0021,-0.0005,0.0,-0.025679014417691493,0.04801450375470395,14.56
2011-05-31,0.25,0.006189620757040437,0.0104,0.0042,-0.0005,0.0,0.08315036833217015,-0.004569484768942367,15.85
2011-06-30,0.4,-0.01819132035177251,0.009899999999999999,0.0018,-0.0024,0.0,0.10109611687136888,0.043054880971929776,16.67
2011-07-31,0.12,-0.007333829348776355,-0.005600000000000001,0.0023,0.0012,0.0,0.044660770827420704,0.05680385105646213,25.280001000000002
2011-08-31,-0.34,-0.07390837116848559,0.0042,-0.0074,0.0026,0.0,0.36878522561175653,0.06185028408583726,31.200001
2011-09-30,0.69,-0.036661221338193606,-0.025,-0.0017000000000000001,-0.0008,0.0,0.1878705206951894,0.020874657816748687,40.93
2011-10-31,2.23,0.09544315099655876,-0.025,0.0005,-0.0079,0.0,-0.22018350968573297,-0.054613376192659935,27.09
2011-11-30,-1.88,0.022833376000641614,0.0444,0.0104,0.010700000000000001,0.0,0.11027453046025548,-0.047813720786590075,27.719998999999998
2011-12-31,-0.66,0.03132066876723716,-0.004,-0.0007000000000000001,-0.0015,0.0,-0.04820210181787776,0.034331291376724415,22.860001
2012-01-31,0.24,0.013725262805665217,-0.0005,-0.0006,0.0003,0.0,-0.1247517049724769,0.03594171683294434,19.07
2012-02-29,0.68,0.01946852246559594,-0.0055000000000000005,-0.0103,0.0022,0.0,-0.13053887168806866,-0.08381432205700978,17.799999
2012-03-31,-0.16,0.015537510057376025,0.0028000000000000004,-0.006999999999999999,-0.0006,0.0,0.0,-0.00838825354399475,14.88
2012-04-30,-0.24,0.005129665190486854,-0.0049,-0.006,0.0009,0.0,0.02750664578983364,0.07554722922228319,17.040001
2012-05-31,0.2,-0.04307336939012707,-0.0023,0.0015,0.005600000000000001,0.0,0.20278262866529473,0.04850105491303136,23.83
2012-06-30,-1.16,0.035897804179838566,0.0255,0.0039000000000000003,-0.0070999999999999995,0.0,-0.10150018449084719,-0.06725122126688188,17.52
2012-07-31,-0.06,0.011597155473002552,-0.004699999999999999,0.0,0.0027,0.0,-0.05212320821636407,-0.01868824288641946,18.4
2012-08-31,-0.44,0.009428195438259124,0.0052,-0.0007000000000000001,0.0001,0.0,-0.04336211827375758,0.0005880129532265244,17.25
2012-09-30,-0.08,0.008292227468182922,-0.0046,-0.0031,-0.0023,0.0,-0.06158847731274153,-0.04075026660345671,15.23
2012-10-31,-0.16,-0.007311813873016604,0.0014000000000000002,0.0052,0.0033,0.0,-0.016529301951210496,-0.025873059754749406,17.68
2012-11-30,0.07,-0.019271426879627462,0.0002,-0.0014000000000000002,0.0028000000000000004,0.0,0.006230549750636083,0.029322167061940796,15.26
2012-12-31,0.24,0.001320029698218761,0.0171,0.0042,-0.0006,1e-05,-0.10008345855698253,-0.04083289067445772,22.139999
2013-01-31,-0.36,0.02173331155357161,-0.0008,0.0068000000000000005,0.0021,0.0,-0.11635385147714383,0.023600180069059284,14.43
2013-02-28,0.31,0.004026981853859191,-0.0005,0.0009,-0.0016,0.0,0.002567395505245651,0.00997140404034802,15.0
2013-03-31,0.5,0.021345059888790097,0.0039000000000000003,-0.0027,-0.0028000000000000004,0.0,-0.020726130517116914,0.03180083059339012,12.91
2013-04-30,-0.78,0.015103221089127317,0.0029,0.0038,-0.0006,0.0,-0.07612369547280062,-0.020624603198833746,13.71
2013-05-31,-0.26,-0.004185875410488649,-0.0131,0.0051,-0.0025,0.0,0.011236073266925883,-0.03606861408718487,15.02
2013-06-30,-0.41,-0.010494423278594844,-0.0033,0.0032,-0.0011,0.0,0.15255323539810117,0.01452182531246482,17.25
2013-07-31,0.62,0.012949617244544243,0.0009,0.0017000000000000001,0.001,0.0,-0.16661816486550474,-0.0745277709636305,13.55
2013-08-31,-0.45,-0.012643110311388206,-0.004699999999999999,-0.011399999999999999,-0.0021,0.0,0.014064929467403564,-0.062259847383010936,16.75
2013-09-30,0.26,0.007821051335172413,-0.0049,0.0051,0.0005,0.0,0.011111225425070703,0.07493958511307497,17.49
2013-10-31,0.37,0.03521135073022208,-0.0034000000000000002,-0.0009,-0.0042,0.0,-0.1583029349280256,-0.0028354066536389055,13.83
2013-11-30,-0.2,0.013293174199624502,-0.0002,0.0029,-0.0016,0.0,-0.07734946607789284,-0.03741457462984776,13.06
2013-12-31,0.06,0.020328957937953085,0.0044,-0.0017000000000000001,0.0004,0.0,-0.09147140349715921,-0.12195532372569406,13.43
2014-01-31,0.11,-0.019859593917571416,-0.0066,-0.0005,-0.0040999999999999995,0.0,0.13926206733350777,0.071837823619183,18.709999
2014-02-28,-0.29,0.04141327925624516,0.0015,-0.006999999999999999,0.008199999999999999,0.0,-0.18632957819149343,-0.033402958410607475,14.22
2014-03-31,0.68,0.002602125260472654,0.0097,0.009899999999999999,-0.0015,0.0,0.008000042667076102,-0.06594947119741423,13.88
2014-04-30,0.54,0.01003867966037042,0.0034999999999999996,0.0022,-0.0001,0.0,-0.04898938720027313,0.004326300366606084,14.05
2014-05-31,-0.02,0.018703693663269405,0.0006,-0.0067,0.0026,0.0,0.04898938720027313,-0.0036419547453725443,11.66
2014-06-30,0.12,0.0021977725111304025,0.0007000000000000001,0.0026,0.0019,0.0,-0.05318226546030913,0.011844518059781706,11.75
2014-07-31,-0.68,-0.002132790125975781,-0.0203,-0.002,0.0045000000000000005,0.0,0.2739325168686785,-0.043525175340075606,14.35
2014-08-31,0.05,0.02610329657605348,0.0039000000000000003,0.0028000000000000004,0.001,0.0,-0.09021137972030058,0.027567540941743296,11.86
2014-09-30,-0.16,-0.01595308174682586,-0.004,-0.01,0.0014000000000000002,0.0,0.2384110234449981,-0.002177651290364402,15.49
2014-10-31,-0.04,-0.017276965537440958,0.0123,0.0029,0.002,0.0,-0.03933091206242345,0.04025502756015875,13.84
2014-11-30,1.23,-0.0023775436395974126,-0.0034999999999999996,-0.0091,-0.0102,0.0,0.12634228905205336,0.08008085692613331,12.64
2014-12-31,-0.48,0.011396214375718472,-0.009300000000000001,0.0049,-0.0038,0.0,0.11441035117774434,-0.08333737974335165,15.91
2015-01-31,-2.64,-0.014174046076169233,-0.013000000000000001,-0.0077,0.0004,0.0,0.08211955161837547,0.06966344123843538,20.23
2015-02-28,-0.21,0.02741878517605123,-0.0036,-0.0021,0.0021,0.0,-0.21436477043215407,-0.059651805824188386,14.07
2015-03-31,-0.23,0.003532266374412174,-0.0075,0.0042,0.0036,0.0,0.09086000265092409,0.03225999341566155,14.97
2015-04-30,-1.15,0.014266119184870085,-0.0111,-0.010700000000000001,0.0075,0.0,-0.08317750647890798,0.028061932797530886,13.89
2015-05-31,0.12,0.009289168863617192,-0.0058,0.0003,0.0007000000000000001,0.0,-0.031090587070031095,0.07349678145424932,13.59
2015-06-30,0.69,-0.004325401268714835,0.0033,0.0032,-0.0066,0.0,0.10483406131558048,-0.002060917597823675,17.6
2015-07-31,1.25,0.027590753336415474,-0.0015,0.008199999999999999,-0.0102,0.0,0.10559745441026758,0.04484593672374437,12.03
2015-08-31,-1.8,-0.049639972187458525,-0.0074,0.0076,0.0141,0.0,0.07197349962508914,0.01764243458716752,27.030001000000002
2015-09-30,0.36,-0.002067080208824734,0.018799999999999997,-0.0042,-0.0049,0.0,0.17435338714477777,0.023034588647241172,24.639999
2015-10-31,-1.05,0.04177228447410908,-0.0040999999999999995,0.0022,-0.0054,0.0,-0.1297291066747841,-0.009959580367403298,14.6
2015-11-30,-0.67,0.005586802391078116,-0.004699999999999999,0.0014000000000000002,0.0068000000000000005,0.0,0.09582755499910278,-0.032324311426604524,15.55
2015-12-31,-0.97,-0.008154220470231621,-0.0092,-0.0024,0.0023,0.0,0.10931819096043549,0.006503343277875828,17.969998999999998
2016-01-31,-1.2,-0.04347141719558589,0.025699999999999997,0.0046,0.0039000000000000003,0.0,0.11382536035377422,0.09922009126237707,21.59
2016-02-29,-0.8,0.01646071409598182,-0.0069,0.0066,0.0026,1e-05,0.008241804895103844,0.03923502225044828,20.49
2016-03-31,-1.1,0.01951705262843717,-0.0011,0.0044,-0.0048,1e-05,-0.12671473364542485,-0.1028948147608153,13.73
2016-04-30,0.67,0.0044163858362606945,-0.005,-0.0015,0.0042,0.0,-0.15053403935707,-0.06047319489271352,15.21
2016-05-31,-0.63,0.01564030988185916,-0.0001,0.0051,-0.0037,1e-05,-0.01454571100237878,-0.009168121765109838,13.94
2016-06-30,0.7,0.011479376102648153,0.014199999999999999,0.0034999999999999996,0.0045000000000000005,1e-05,0.06213178110700612,0.049167950346951095,16.91
2016-07-31,0.15,0.007901592743071006,0.0017000000000000001,-0.0001,0.0003,1e-05,-0.09944954411420115,-0.04930965696724954,12.85
2016-08-31,0.25,0.009445841912808284,-0.0024,-0.0039000000000000003,0.0013,1e-05,-0.10620582424577685,-0.06514021061150999,13.14
2016-09-30,-0.33,0.0008105712437718182,0.0088,0.0036,0.0034999999999999996,1e-05,-0.03222620437774815,0.01113072409205973,14.91
2016-10-31,0.84,0.0021751602006832016,0.0002,0.0004,0.0015,1e-05,-0.028794901947944762,0.022042856044916626,16.309998999999998
2016-11-30,-0.73,0.022796757767062914,-0.0025,-0.0039000000000000003,0.0223,1e-05,-0.06259284964148382,-0.129199958671661,12.6
2016-12-31,-0.31,0.0011024633765996938,-0.0052,-0.0013,0.0018,1e-05,-0.1273984943558253,-0.008975670014260473,13.2
2017-01-31,-0.71,0.021934574091062586,0.0,0.0088,-0.0058,2e-05,-0.08503704268591239,-0.02110941121391985,12.29
